,,,,,,,,,,,,,,,,,,,,,,,,,,,,,,,
,ðŸ“Š Pivot1: Pivot_Yearly_Summary ,,,,,,,,,,,,,,,,,,,,,,,,,,,,,,
,Year,Total_Crimes,Total _Rape_Cases,Kidnapping_And_Abduction_Of_Women_And_Girls,Dowry_Deaths,Assault_On_Women_With_Intent_To_Outrage_Her_Modesty,Insult_To_Modesty_Of_Women,Robbery,Cruelty_By_Husband_Or_His_Relatives,Total_Murders,Culpable_Homicide_Not_Amounting_To_Murder,Kidnapping_And_Abduction_Of_Others,Cheating,Hurt_Or_Grievous_Hurt,Causing_Death_By_Negligence,Ipc_Crimes,Violent Crimes,Property Crimes,YoY Change %,,,SUM of Total_Crimes,Year,,,,,,,,
,2001,4899569,16075,14645,6851,34124,9746,19901,49170,36202,3367,7842,44727,271487,57182,1769308,528468,262692,0.00%,,,State/UT,2001,2012,CAGR,,,State/UT,SUM of 2001,SUM of 2012,CAGR
,2002,4928111,16373,14506,6822,33943,10155,18764,49237,35290,3624,7344,46271,265025,64044,1780330,526588,261634,0.58%,,,Andaman & Nicobar Islands,5318,7402,2.79%,,,West Bengal,168725,380315,7.01%
,2003,4817971,15847,13296,6208,32939,12325,17512,50703,32716,4029,6696,47478,261444,60672,1716120,510492,257279,-2.23%,,,Andhra Pradesh,316190,451439,3.01%,,,Tripura,13606,30636,7.00%
,2004,5052367,18233,15578,7026,34567,10001,18458,58121,33608,3935,7749,51939,276868,69423,1832010,552998,273222,4.87%,,,Arunachal Pradesh,30695,39044,2.03%,,,Kerala,239697,357929,3.40%
,2005,5041711,18359,15750,6787,34175,9984,17673,58319,32719,3578,7082,53625,270861,71698,1822602,547359,276662,-0.21%,,,Assam,127767,219739,4.62%,,,Jharkhand,98868,134168,2.58%
,2006,5167620,19348,17414,7618,36617,9966,18456,63128,32481,3535,6577,58076,264748,78513,1878293,557209,288181,2.50%,,,Bihar,264678,381698,3.10%,,,Haryana,117397,171060,3.19%
,2007,5397036,20737,20416,8093,38734,10950,19136,75930,32318,3644,7145,65326,273067,86790,1989673,594275,307273,4.44%,,,Chandigarh,8795,9215,0.39%,,,Chhattisgarh,114920,165528,3.09%
,2008,5641282,21467,22939,8172,40413,12214,20522,81344,32766,3863,7322,66579,284969,92186,2093379,624039,334132,4.53%,,,Chhattisgarh,114920,165528,3.09%,,,Bihar,264678,381698,3.10%
,2009,5710380,21397,25741,8383,38711,11009,22409,89546,32369,3930,8119,72718,279214,98532,2121345,634980,359807,1.22%,,,Dadra & Nagar Haveli,2701,2648,-0.17%,,,Assam,127767,219739,4.62%
,2010,5942451,22172,29795,8391,40613,9961,23393,94041,33335,3782,8645,78999,289022,106343,2224831,665560,372179,4.06%,,,Daman & Diu,4480,4502,0.04%,,,Andhra Pradesh,316190,451439,3.01%
,2011,6168491,24206,35565,8618,42968,8570,24700,99135,34305,3707,9099,87656,302847,108890,2325575,700725,389173,3.80%,,,Delhi,132706,142765,0.61%,,,Andaman & Nicobar Islands,5318,7402,2.79%
,2012,6332530,24923,38262,8233,45351,9173,27343,106527,34434,3620,9330,94203,332324,107591,2387188,745733,405191,2.66%,,,Goa,8684,11240,2.17%,,,,,,
,,,,,,,,,,,,,,,,,,,,,,Gujarat,266849,328631,1.75%,,,,,,
,,,,,,,,,,,,,,,,,,,,,,Haryana,117397,171060,3.19%,,,,,,
,,,,,,,,,,,,,,,,,,,,,,Himachal Pradesh,49011,55294,1.01%,,,,,,
,ðŸ“Š Pivot2: Pivot_Statewise_Breakdown,,,,,,,,,,,,,KPI - Total Districts,,,,,,,,Jammu & Kashmir,85033,109576,2.14%,,,,,,
,State/UT,Total_Crimes,Total_Murders,Total _Rape_Cases,Kidnapping_And_Abduction_Of_Others,Other_Theft,Robbery,,,,,,,Total_Districts,,,,,,,,Jharkhand,98868,134168,2.58%,,,,,,
,Andaman & Nicobar Islands,66365,160,109,17,1039,74,,,,,,,803,,,,,,,,Karnataka,280191,337894,1.57%,,,,,,
,Andhra Pradesh,4756256,31756,13479,6303,214546,7605,,,,,,,,,,,,,,,Kerala,239697,357929,3.40%,,,ðŸ“Š Pivot6: Top 10 States's Total_Crimes,,,
,Arunachal Pradesh,422539,841,500,299,4102,843,,,,,,,,,,,,,,,Lakshadweep,2073,2132,0.23%,,,Top 10 States,Total_Crimes,,
,Assam,1897601,15432,16178,5019,69996,7467,,,,,,,,,,,,,,,Madhya Pradesh,459400,547173,1.47%,,,Madhya Pradesh,6062008,,
,Bihar,3750313,41245,13124,17831,119151,23666,,,,,,,KPI - Total_Murders,,,,,,,,Maharashtra,432182,495618,1.15%,,,Maharashtra,5626723,,
,Chandigarh,105659,243,281,106,9279,397,,,,,,,Total_Murders (2001-2012),,,,,,,,Manipur,22970,27423,1.49%,,,Uttar Pradesh,5452897,,
,Chhattisgarh,1631601,12060,11838,715,42678,5113,,,,,,,402543,,,,,,,,Meghalaya,17378,19197,0.83%,,,Tamil Nadu,5037032,,
,Dadra & Nagar Haveli,33380,108,56,47,484,30,,,,,,,,,,,,,,,Mizoram,20497,19628,-0.36%,,,Andhra Pradesh,4756256,,
,Daman & Diu,54051,68,20,16,222,23,,,,,,,KPI - Total_Rapes,,,,,,,,Nagaland,22478,24312,0.66%,,,Rajasthan,4598052,,
,Delhi,1608301,6205,6424,9433,104529,6461,,,,,,,Total Rapes(2001-2012),,,,,,,,Odisha,161334,208247,2.15%,,,Bihar,3750313,,
,Goa,112258,487,350,72,5168,298,,,,,,,239137,,,,,,,,Puducherry,10137,12571,1.81%,,,Karnataka,3735940,,
,Gujarat,3517836,13775,4249,2328,116198,14383,,,,,,,,,,,,,,,Punjab,103488,127732,1.77%,,,Gujarat,3517836,,
,Haryana,1701889,10471,6410,2527,47828,5871,,,,,,,,,,,,,,,Rajasthan,376362,426326,1.04%,,,Kerala,3316608,,
,Himachal Pradesh,638993,1454,1804,257,6706,236,,,,,,,,,,,,,,,Sikkim,8892,9104,0.20%,,,West Bengal,2823643,,
,Jammu & Kashmir,1140418,6304,2810,845,17730,1312,,,,,,,,,,,,,,,Tamil Nadu,385620,479397,1.83%,,,Odisha,2133946,,
,Jharkhand,1446019,19060,9159,3194,52822,8711,,,,,,,,,,,,,,,Tripura,13606,30636,7.00%,,,Assam,1897601,,
,Karnataka,3735940,19937,5174,4714,114516,17287,,,,,,,,,,,,,,,Uttar Pradesh,498291,549030,0.81%,,,Haryana,1701889,,
,Kerala,3316608,4733,7447,993,40887,8329,,,,,,,,,,,,,,,Uttarakhand,42156,43917,0.34%,,,Chhattisgarh,1631601,,
,Lakshadweep,25564,3,7,0,102,0,,,,,,,,,,,,,,,West Bengal,168725,380315,7.01%,,,Delhi,1608301,,
,Madhya Pradesh,6062008,28399,36087,2715,163748,22314,,,,,,,,,,,,,,,,,,,,,Jharkhand,1446019,,
,Maharashtra,5626723,32767,17986,4248,388575,37719,,,,,,,,,,,,,,,,,,,,,Punjab,1372938,,
,Manipur,295775,1955,387,754,2020,83,,,,,,,,,,,,,,,,,,,,,Jammu & Kashmir,1140418,,
,Meghalaya,219023,1730,1020,465,4538,972,,,,,,,,,,,,,,,,,,,,,Himachal Pradesh,638993,,
,Mizoram,244913,403,826,86,9339,114,,,,,,,,,,,,,,,,,,,,,Uttarakhand,519385,,
,Nagaland,279102,1038,220,321,2684,1042,,,,,,,,,,,,,,,,,,,,,Arunachal Pradesh,422539,,
,Odisha,2133946,14453,11430,1438,60266,14705,,,,,,,,,,,,,,,,,,,,,Manipur,295775,,
,Puducherry,146328,357,77,48,2852,89,,,,,,,,,,,,,,,,,,,,,Nagaland,279102,,
,Punjab,1372938,9493,5459,2234,29249,1828,,,,,,,,,,,,,,,Year,SUM of Total_Crimes,,Crime CAGR%,,,Mizoram,244913,,
,Rajasthan,4598052,15844,15798,6056,127617,9071,,,,,,,,,,,,,,,2001,4899569,,2.16%,,,Meghalaya,219023,,
,Sikkim,110312,166,195,14,925,64,,,,,,,,,,,,,,,2002,4928111,,,,,Tripura,215851,,
,Tamil Nadu,5037032,20127,6952,2867,135507,11272,,,,,,,,,,,,,,,2003,4817971,,,,,Puducherry,146328,,
,Tripura,215851,2022,2058,568,4014,777,,,,,,,,,,,,,,,2004,5052367,,,,,Goa,112258,,
,Uttar Pradesh,5452897,65443,19058,11676,165796,30767,,,,,,,,,,,,,,,2005,5041711,,,,,Sikkim,110312,,
,Uttarakhand,519385,2948,1378,518,12643,1990,,,,,,,,,,,,,,,2006,5167620,,,,,Chandigarh,105659,,
,West Bengal,2823643,21056,20787,4226,152404,7354,,,,,,,,,,,,,,,2007,5397036,,,,,Andaman & Nicobar Islands,66365,,
,Grand Total,65099519,402543,239137,92950,2230160,248267,,,,,,,,,,,,,,,2008,5641282,,,,,Daman & Diu,54051,,
,,,,,,,,,,,,,,,,,,,,,,2009,5710380,,,,,Dadra & Nagar Haveli,33380,,
,,,,,,,,,,,,,,,,,,,,,,2010,5942451,,,,,Lakshadweep,25564,,
,,,,,,,,,,,,,,,,,,,,,,2011,6168491,,,,,,,,
,ðŸ“Š Pivot3: Crime by District,,,,ðŸ“Š Pivot4: State-wise Crime Trend Over Years,,,,,,,,,,,,,,,,,2012,6332530,,,,,,,,
,District,Total_Crimes,,,SUM of Total_Crimes,Year,,,,,,,,,,,,,,,,Grand Total,65099519,,,,,,,,
,Bengaluru Commr.,722553,,,State/UT,2001,2002,2003,2004,2005,2006,2007,2008,2009,2010,2011,2012,Grand Total,,,,,,,,,,,,,
,Ahmedabad Commr.,460055,,,Andaman & Nicobar Islands,5318,5220,5294,5504,5374,5364,3621,5780,5900,5980,5608,7402,66365,,,,,,,,,,,,,
,Mumbai Commr.,459121,,,Andhra Pradesh,316190,343273,371979,375624,372384,405989,408371,416771,419116,429204,445916,451439,4756256,,,,,,,,,,,,,
,Indore,432770,,,Arunachal Pradesh,30695,30482,34167,34570,34683,34678,34677,34868,36868,39048,38759,39044,422539,,,,,,,,,,,,,
,Hyderabad City,429930,,,Assam,127767,126728,130445,135427,144137,147514,150762,166832,170874,183624,193752,219739,1897601,,,,,,,,,,,,,
,Bhopal,363181,,,Bihar,264678,275989,272501,304116,283681,289412,307014,333608,334163,343292,360161,381698,3750313,,,,,,,,,,,,,
,Chennai,353010,,,Chandigarh,8795,9613,7614,7780,8269,8255,9293,9866,9116,8750,9093,9215,105659,,,,,,,,,,,,,
,Kolkata,340329,,,Chhattisgarh,114920,113932,116944,123926,129346,132455,133824,145035,144913,152109,158669,165528,1631601,,,,,,,,,,,,,
,Patna,318938,,,Dadra & Nagar Haveli,2701,2700,2679,2822,2873,2876,2857,2810,2893,2766,2755,2648,33380,,,,,,,,,,,,,
,Pune Commr.,303686,,,Daman & Diu,4480,4526,4544,4404,4496,4588,4533,4512,4570,4426,4470,4502,54051,,,,,,,,,,,,,
,Cyberabad,303550,,,Delhi,132706,124233,118737,131159,136032,139798,137992,132702,134586,136723,140868,142765,1608301,,,,,,,,,,,,,
,South,297478,,,Goa,8684,8884,8494,8262,8248,8420,8972,9500,10028,10606,10920,11240,112258,,,,,,,,,,,,,
,Mumbai,293330,,,Gujarat,266849,273398,267494,271043,286963,302112,306590,309850,292634,297180,315092,328631,3517836,,,,,,,,,,,,,
,West,273389,,,Haryana,117397,120182,117094,118127,127295,144926,147082,154607,156359,162212,165548,171060,1701889,,,,,,,,,,,,,
,24 Parganas North,268031,,,Himachal Pradesh,49011,50511,50061,50704,50755,52264,54535,54056,56765,56248,58789,55294,638993,,,,,,,,,,,,,
,Ernakulam Rural,264920,,,Jammu & Kashmir,85033,87982,90538,90478,88350,89718,91054,95424,100202,104736,107327,109576,1140418,,,,,,,,,,,,,
,24 Parganas South,264457,,,Jharkhand,98868,110835,112441,110883,118417,120822,129120,129491,127047,130011,123916,134168,1446019,,,,,,,,,,,,,
,Jabalpur,262906,,,Karnataka,280191,289394,286838,290895,297196,297359,303187,321095,334033,352684,345174,337894,3735940,,,,,,,,,,,,,
,Lucknow,260805,,,Kerala,239697,240428,235686,246111,246637,248499,255036,257117,272634,332585,384249,357929,3316608,,,,,,,,,,,,,
,Gwalior,246375,,,Lakshadweep,2073,2108,2065,2144,2089,2166,2119,2198,2277,2094,2099,2132,25564,,,,,,,,,,,,,
,Nagpur Commr.,232469,,,Madhya Pradesh,459400,479552,484168,495804,480466,491607,507020,519412,521844,534953,540609,547173,6062008,,,,,,,,,,,,,
,Ernakulam Commr.,229587,,,Maharashtra,432182,420743,418498,442469,463972,473522,481324,502572,489314,506501,500008,495618,5626723,,,,,,,,,,,,,
,Alwar,226740,,,Manipur,22970,23178,23101,23104,23871,23795,24435,26566,25606,25334,26392,27423,295775,,,,,,,,,,,,,
,Thane Commr.,224990,,,Meghalaya,17378,17340,17358,17530,17794,17908,18206,18692,18957,19079,19584,19197,219023,,,,,,,,,,,,,
,Thrissur,223068,,,Mizoram,20497,21656,22936,19062,20352,20194,20222,20042,20166,20428,19730,19628,244913,,,,,,,,,,,,,
,Coimbatore Rural,222119,,,Nagaland,22478,22248,21981,22008,22148,22266,24437,24492,24217,24228,24287,24312,279102,,,,,,,,,,,,,
,Raipur,221079,,,Odisha,161334,163494,162634,165614,171490,173700,177940,185731,183740,185156,194866,208247,2133946,,,,,,,,,,,,,
,Malappuram,220464,,,Puducherry,10137,10876,11037,11244,11155,13386,14120,13991,13195,11880,12736,12571,146328,,,,,,,,,,,,,
,Ujjain,219727,,,Punjab,103488,105553,105467,99277,102289,114194,121669,120706,121219,125413,125931,127732,1372938,,,,,,,,,,,,,
,Kottayam,219614,,,Rajasthan,376362,368529,357215,375803,347920,360112,373925,380583,411424,406230,413623,426326,4598052,,,,,,,,,,,,,
,Guntur,218251,,,Sikkim,8892,8978,8898,9278,9124,9430,9362,9492,9374,9144,9236,9104,110312,,,,,,,,,,,,,
,Karimnagar,217504,,,Tamil Nadu,385620,407933,388439,409310,398905,372162,419734,429904,429708,451744,464176,479397,5037032,,,,,,,,,,,,,
,Kollam,215050,,,Tripura,13606,14158,15040,14176,14732,15903,16572,18701,19008,21658,21661,30636,215851,,,,,,,,,,,,,
,Sagar,214085,,,Uttar Pradesh,498291,434157,332163,402545,386482,396342,442931,482492,490357,495040,543067,549030,5452897,,,,,,,,,,,,,
,Alapuzha,213652,,,Uttarakhand,42156,41971,41882,43319,42131,42900,45283,43814,43714,44608,43690,43917,519385,,,,,,,,,,,,,
,East Godavari,210464,,,West Bengal,168725,167327,171539,187845,181655,182984,209217,257970,273559,306777,335730,380315,2823643,,,,,,,,,,,,,
,Jaipur,209048,,,Grand Total,4899569,4928111,4817971,5052367,5041711,5167620,5397036,5641282,5710380,5942451,6168491,6332530,65099519,,,,,,,,,,,,,
,Bharatpur,206063,,,,,,,,,,,,,,,,,,,,,,,,,,,,,
,Bilaspur,204700,,,,,,,,,,,,,,,,,,,,,,,,,,,,,
,West Godavari,204136,,,,,,,,,,,,,,,,,,,,,,,,,,,,,
,Vellore,201124,,,,,,,,,,,,,,,,,,,,,,,,,,,,,
,Cuddalore,199210,,,,,,,,,,,,,,,,,,,,,,,,,,,,,
,Durg,198390,,,,,,,,,,,,,,,,,,,,,,,,,,,,,
,Trivandrum Rural,195117,,,ðŸ“Š Pivot5: Crimes Against Women,,,,,,,,,,,,,,,,,,,,,,,,,,
,Nalgonda,194814,,,Year,Rape,Kidnapping_And_Abduction_Of_Women_And_Girls,Dowry_Deaths,Assault_On_Women_With_Intent_To_Outrage_Her_Modesty,Robbery,Cruelty_By_Husband_Or_His_Relatives,,,,,,,,,,,,,,,,,,,,
,Murshidabad,194791,,,2001,16075,14645,6851,34124,19901,49170,,,,,,,,,,,,,,,,,,,,
,Surat Commr.,194115,,,2002,16373,14506,6822,33943,18764,49237,,,,,,,,,,,,,,,,,,,,
,Udaipur,191828,,,2003,15847,13296,6208,32939,17512,50703,,,,,,,,,,,,,,,,,,,,
,Thirunelveli Rural,191577,,,2004,18233,15578,7026,34567,18458,58121,,,,,,,,,,,,,,,,,,,,
,East,191481,,,2005,18359,15750,6787,34175,17673,58319,,,,,,,,,,,,,,,,,,,,
,G.R.P.,190407,,,2006,19348,17414,7618,36617,18456,63128,,,,,,,,,,,,,,,,,,,,
,Villupuram,187986,,,2007,20737,20416,8093,38734,19136,75930,,,,,,,,,,,,,,,,,,,,
,Palakkad,185434,,,2008,21467,22939,8172,40413,20522,81344,,,,,,,,,,,,,,,,,,,,
,Nadia,182198,,,2009,21397,25741,8383,38711,22409,89546,,,,,,,,,,,,,,,,,,,,
,Agra,180034,,,2010,22172,29795,8391,40613,23393,94041,,,,,,,,,,,,,,,,,,,,
,Ajmer,179523,,,2011,24206,35565,8618,42968,24700,99135,,,,,,,,,,,,,,,,,,,,
,Bengaluru Rural,178994,,,2012,24923,38262,8233,45351,27343,106527,,,,,,,,,,,,,,,,,,,,
,Guwahati City,177860,,,Grand Total,239137,263907,91202,453155,248267,875201,,,,,,,,,,,,,,,,,,,,
,Erode,176769,,,,,,,,,,,,,,,,,,,,,,,,,,,,,
,Kanchipuram,176060,,,,,,,,,,,,,,,,,,,,,,,,,,,,,
,Chittoor,175020,,,,,,,,,,,,,,,,,,,,,,,,,,,,,
,Warangal,174772,,,,,,,,,,,,,,,,,,,,,,,,,,,,,
,Kanpur Nagar,172455,,,,,,,,,,,,,,,,,,,,,,,,,,,,,
,Pune Rural,172144,,,,,,,,,,,,,,,,,,,,,,,,,,,,,
,Kurnool,171844,,,,,,,,,,,,,,,,,,,,,,,,,,,,,
,Belgaum,171445,,,,,,,,,,,,,,,,,,,,,,,,,,,,,
,North,171108,,,,,,,,,,,,,,,,,,,,,,,,,,,,,
,Mahaboobnagar,167954,,,,,,,,,,,,,,,,,,,,,,,,,,,,,
,Ghaziabad,167895,,,,,,,,,,,,,,,,,,,,,,,,,,,,,
,Ahmednagar,167483,,,,,,,,,,,,,,,,,,,,,,,,,,,,,
,Nellore,167022,,,,,,,,,,,,,,,,,,,,,,,,,,,,,
,Kannur,166817,,,,,,,,,,,,,,,,,,,,,,,,,,,,,
,Dewas,166568,,,,,,,,,,,,,,,,,,,,,,,,,,,,,
,Salem Rural,165023,,,,,,,,,,,,,,,,,,,,,,,,,,,,,
,Muzaffarpur,162506,,,,,,,,,,,,,,,,,,,,,,,,,,,,,
,Khammam,161876,,,,,,,,,,,,,,,,,,,,,,,,,,,,,
,Krishna,159766,,,,,,,,,,,,,,,,,,,,,,,,,,,,,
,Chittorgarh,159163,,,,,,,,,,,,,,,,,,,,,,,,,,,,,
,Vadodara Commr.,158969,,,,,,,,,,,,,,,,,,,,,,,,,,,,,
,Thanjavur,155517,,,,,,,,,,,,,,,,,,,,,,,,,,,,,
,Bhavnagar,155501,,,,,,,,,,,,,,,,,,,,,,,,,,,,,
,Bhilwara,153339,,,,,,,,,,,,,,,,,,,,,,,,,,,,,
,Gurugram,153220,,,,,,,,,,,,,,,,,,,,,,,,,,,,,
,Jalpaiguri,152321,,,,,,,,,,,,,,,,,,,,,,,,,,,,,
,Faridabad,151629,,,,,,,,,,,,,,,,,,,,,,,,,,,,,
,Dhar,150031,,,,,,,,,,,,,,,,,,,,,,,,,,,,,
,Ganganagar,149818,,,,,,,,,,,,,,,,,,,,,,,,,,,,,
,Idukki,149656,,,,,,,,,,,,,,,,,,,,,,,,,,,,,
,Satna,149331,,,,,,,,,,,,,,,,,,,,,,,,,,,,,
,Nanded,148955,,,,,,,,,,,,,,,,,,,,,,,,,,,,,
,Meerut,148057,,,,,,,,,,,,,,,,,,,,,,,,,,,,,
,Adilabad,147996,,,,,,,,,,,,,,,,,,,,,,,,,,,,,
,Medak,147932,,,,,,,,,,,,,,,,,,,,,,,,,,,,,
,Nizamabad,147897,,,,,,,,,,,,,,,,,,,,,,,,,,,,,
,Thane Rural,146376,,,,,,,,,,,,,,,,,,,,,,,,,,,,,
,Motihari,145903,,,,,,,,,,,,,,,,,,,,,,,,,,,,,
,Thoothugudi,145480,,,,,,,,,,,,,,,,,,,,,,,,,,,,,
,Prakasham,144806,,,,,,,,,,,,,,,,,,,,,,,,,,,,,
,Morena,144573,,,,,,,,,,,,,,,,,,,,,,,,,,,,,
,Dindigul,144239,,,,,,,,,,,,,,,,,,,,,,,,,,,,,
,Madurai Rural,144178,,,,,,,,,,,,,,,,,,,,,,,,,,,,,
,Anantapur,143931,,,,,,,,,,,,,,,,,,,,,,,,,,,,,
,Pali,143481,,,,,,,,,,,,,,,,,,,,,,,,,,,,,
,Yavatmal,141892,,,,,,,,,,,,,,,,,,,,,,,,,,,,,
,Junagadh,141488,,,,,,,,,,,,,,,,,,,,,,,,,,,,,
,Cuddapah,140372,,,,,,,,,,,,,,,,,,,,,,,,,,,,,
,Mehsana,139261,,,,,,,,,,,,,,,,,,,,,,,,,,,,,
,Rewa,139253,,,,,,,,,,,,,,,,,,,,,,,,,,,,,
,Hassan,139141,,,,,,,,,,,,,,,,,,,,,,,,,,,,,
,Pathanamthitta,138993,,,,,,,,,,,,,,,,,,,,,,,,,,,,,
,Mandya,138314,,,,,,,,,,,,,,,,,,,,,,,,,,,,,
,Nasik Rural,138217,,,,,,,,,,,,,,,,,,,,,,,,,,,,,
,Gulbarga,138173,,,,,,,,,,,,,,,,,,,,,,,,,,,,,
,Allahabad,138162,,,,,,,,,,,,,,,,,,,,,,,,,,,,,
,Himatnagar,137321,,,,,,,,,,,,,,,,,,,,,,,,,,,,,
,Tumkur,135928,,,,,,,,,,,,,,,,,,,,,,,,,,,,,
,Jalgaon,135454,,,,,,,,,,,,,,,,,,,,,,,,,,,,,
,Virudhunagar,135299,,,,,,,,,,,,,,,,,,,,,,,,,,,,,
,Shimoga,134833,,,,,,,,,,,,,,,,,,,,,,,,,,,,,
,Visakhapatnam,134417,,,,,,,,,,,,,,,,,,,,,,,,,,,,,
,Trivandrum Commr.,133661,,,,,,,,,,,,,,,,,,,,,,,,,,,,,
,Rajgarh,132576,,,,,,,,,,,,,,,,,,,,,,,,,,,,,
,Kutch,132259,,,,,,,,,,,,,,,,,,,,,,,,,,,,,
,Sikar,132078,,,,,,,,,,,,,,,,,,,,,,,,,,,,,
,Nagpur Rural,132037,,,,,,,,,,,,,,,,,,,,,,,,,,,,,
,Aligarh,131581,,,,,,,,,,,,,,,,,,,,,,,,,,,,,
,Bareilly,131234,,,,,,,,,,,,,,,,,,,,,,,,,,,,,
,Jamnagar,130793,,,,,,,,,,,,,,,,,,,,,,,,,,,,,
,Kheda North,130628,,,,,,,,,,,,,,,,,,,,,,,,,,,,,
,Coimbatore Urban,129162,,,,,,,,,,,,,,,,,,,,,,,,,,,,,
,Chhindwara,128685,,,,,,,,,,,,,,,,,,,,,,,,,,,,,
,Rajkot Commr.,128428,,,,,,,,,,,,,,,,,,,,,,,,,,,,,
,Burdwan,127963,,,,,,,,,,,,,,,,,,,,,,,,,,,,,
,Palanpur,127918,,,,,,,,,,,,,,,,,,,,,,,,,,,,,
,Nagaur,127396,,,,,,,,,,,,,,,,,,,,,,,,,,,,,
,Navi Mumbai,126813,,,,,,,,,,,,,,,,,,,,,,,,,,,,,
,Chhatarpur,126750,,,,,,,,,,,,,,,,,,,,,,,,,,,,,
,Kozhikode Rural,126648,,,,,,,,,,,,,,,,,,,,,,,,,,,,,
,Nagaon,126608,,,,,,,,,,,,,,,,,,,,,,,,,,,,,
,Dausa,126253,,,,,,,,,,,,,,,,,,,,,,,,,,,,,
,Rajkot Rural,126095,,,,,,,,,,,,,,,,,,,,,,,,,,,,,
,Shivpuri,126036,,,,,,,,,,,,,,,,,,,,,,,,,,,,,
,Thiruvannamalai,125374,,,,,,,,,,,,,,,,,,,,,,,,,,,,,
,Ranchi,124232,,,,,,,,,,,,,,,,,,,,,,,,,,,,,
,Vidisha,124138,,,,,,,,,,,,,,,,,,,,,,,,,,,,,
,Kanyakumari,123620,,,,,,,,,,,,,,,,,,,,,,,,,,,,,
,Akola,122746,,,,,,,,,,,,,,,,,,,,,,,,,,,,,
,Vaishali,122447,,,,,,,,,,,,,,,,,,,,,,,,,,,,,
,Beed,122300,,,,,,,,,,,,,,,,,,,,,,,,,,,,,
,Gandhinagar,122214,,,,,,,,,,,,,,,,,,,,,,,,,,,,,
,Jaipur Rural,121677,,,,,,,,,,,,,,,,,,,,,,,,,,,,,
,Satara,121429,,,,,,,,,,,,,,,,,,,,,,,,,,,,,
,Dharmapuri,120797,,,,,,,,,,,,,,,,,,,,,,,,,,,,,
,Cachar,120668,,,,,,,,,,,,,,,,,,,,,,,,,,,,,
,Gaya,120447,,,,,,,,,,,,,,,,,,,,,,,,,,,,,
,Khargon,120432,,,,,,,,,,,,,,,,,,,,,,,,,,,,,
,Amravati Rural,119573,,,,,,,,,,,,,,,,,,,,,,,,,,,,,
,Saran,118989,,,,,,,,,,,,,,,,,,,,,,,,,,,,,
,Nagapattinam,118738,,,,,,,,,,,,,,,,,,,,,,,,,,,,,
,Buldhana,118433,,,,,,,,,,,,,,,,,,,,,,,,,,,,,
,Jhunjhunu,117943,,,,,,,,,,,,,,,,,,,,,,,,,,,,,
,Theni,117559,,,,,,,,,,,,,,,,,,,,,,,,,,,,,
,Solapur Rural,117452,,,,,,,,,,,,,,,,,,,,,,,,,,,,,
,Guna,117383,,,,,,,,,,,,,,,,,,,,,,,,,,,,,
,North-West,117318,,,,,,,,,,,,,,,,,,,,,,,,,,,,,
,Hooghly,117224,,,,,,,,,,,,,,,,,,,,,,,,,,,,,
,Namakkal,116699,,,,,,,,,,,,,,,,,,,,,,,,,,,,,
,Khurda,116611,,,,,,,,,,,,,,,,,,,,,,,,,,,,,
,Wardha,115909,,,,,,,,,,,,,,,,,,,,,,,,,,,,,
,Bikaner,115492,,,,,,,,,,,,,,,,,,,,,,,,,,,,,
,Nalanda,115356,,,,,,,,,,,,,,,,,,,,,,,,,,,,,
,Trichy Rural,115245,,,,,,,,,,,,,,,,,,,,,,,,,,,,,
,Bidar,114859,,,,,,,,,,,,,,,,,,,,,,,,,,,,,
,Darbhanga,114810,,,,,,,,,,,,,,,,,,,,,,,,,,,,,
,Chitradurga,114029,,,,,,,,,,,,,,,,,,,,,,,,,,,,,
,Howrah,113297,,,,,,,,,,,,,,,,,,,,,,,,,,,,,
,Kolhapur,113144,,,,,,,,,,,,,,,,,,,,,,,,,,,,,
,Chandrapur,113052,,,,,,,,,,,,,,,,,,,,,,,,,,,,,
,Moradabad,112460,,,,,,,,,,,,,,,,,,,,,,,,,,,,,
,Karauli,111563,,,,,,,,,,,,,,,,,,,,,,,,,,,,,
,Ratlam,111394,,,,,,,,,,,,,,,,,,,,,,,,,,,,,
,Raisen,111392,,,,,,,,,,,,,,,,,,,,,,,,,,,,,
,Hanumangarh,111234,,,,,,,,,,,,,,,,,,,,,,,,,,,,,
,Muzaffarnagar,111132,,,,,,,,,,,,,,,,,,,,,,,,,,,,,
,Jammu,110980,,,,,,,,,,,,,,,,,,,,,,,,,,,,,
,Shajapur,110486,,,,,,,,,,,,,,,,,,,,,,,,,,,,,
,Gautambudh Nagar,110468,,,,,,,,,,,,,,,,,,,,,,,,,,,,,
,Dhanbad,110251,,,,,,,,,,,,,,,,,,,,,,,,,,,,,
,Tonk,109909,,,,,,,,,,,,,,,,,,,,,,,,,,,,,
,Bhind,109778,,,,,,,,,,,,,,,,,,,,,,,,,,,,,
,Jhalawar,109362,,,,,,,,,,,,,,,,,,,,,,,,,,,,,
,Bettiah,108840,,,,,,,,,,,,,,,,,,,,,,,,,,,,,
,Dakshin Kannada,108638,,,,,,,,,,,,,,,,,,,,,,,,,,,,,
,Samastipur,108362,,,,,,,,,,,,,,,,,,,,,,,,,,,,,
,Madhubani,108201,,,,,,,,,,,,,,,,,,,,,,,,,,,,,
,Pudukottai,108040,,,,,,,,,,,,,,,,,,,,,,,,,,,,,
,Sihore,107921,,,,,,,,,,,,,,,,,,,,,,,,,,,,,
,Bellary,107763,,,,,,,,,,,,,,,,,,,,,,,,,,,,,
,Rohtas,107446,,,,,,,,,,,,,,,,,,,,,,,,,,,,,
,Anand,106821,,,,,,,,,,,,,,,,,,,,,,,,,,,,,
,Thiruvallur,106712,,,,,,,,,,,,,,,,,,,,,,,,,,,,,
,Hoshangabad,106668,,,,,,,,,,,,,,,,,,,,,,,,,,,,,
,Khandwa,106643,,,,,,,,,,,,,,,,,,,,,,,,,,,,,
,Bundi,106638,,,,,,,,,,,,,,,,,,,,,,,,,,,,,
,Kasargod,106278,,,,,,,,,,,,,,,,,,,,,,,,,,,,,
,Ranga Reddy,106141,,,,,,,,,,,,,,,,,,,,,,,,,,,,,
,Cuttack,105857,,,,,,,,,,,,,,,,,,,,,,,,,,,,,
,Chandigarh,105659,,,,,,,,,,,,,,,,,,,,,,,,,,,,,
,Latur,105454,,,,,,,,,,,,,,,,,,,,,,,,,,,,,
,Sawai Madhopur,105212,,,,,,,,,,,,,,,,,,,,,,,,,,,,,
,Bhojpur,105066,,,,,,,,,,,,,,,,,,,,,,,,,,,,,
,Thiruvarur,104700,,,,,,,,,,,,,,,,,,,,,,,,,,,,,
,Srikakulam,104664,,,,,,,,,,,,,,,,,,,,,,,,,,,,,
,Dholpur,104587,,,,,,,,,,,,,,,,,,,,,,,,,,,,,
,Mathura,104451,,,,,,,,,,,,,,,,,,,,,,,,,,,,,
,Nasik Commr.,104268,,,,,,,,,,,,,,,,,,,,,,,,,,,,,
,Jaipur East,103107,,,,,,,,,,,,,,,,,,,,,,,,,,,,,
,Baran,102830,,,,,,,,,,,,,,,,,,,,,,,,,,,,,
,Mysore Rural,102532,,,,,,,,,,,,,,,,,,,,,,,,,,,,,
,Sidhi,102488,,,,,,,,,,,,,,,,,,,,,,,,,,,,,
,Shahdol,101056,,,,,,,,,,,,,,,,,,,,,,,,,,,,,
,Bhagalpur,100916,,,,,,,,,,,,,,,,,,,,,,,,,,,,,
,Central,100682,,,,,,,,,,,,,,,,,,,,,,,,,,,,,
,Krishnagiri,100591,,,,,,,,,,,,,,,,,,,,,,,,,,,,,
,Hissar,100398,,,,,,,,,,,,,,,,,,,,,,,,,,,,,
,Bulandshahar,100377,,,,,,,,,,,,,,,,,,,,,,,,,,,,,
,Kozhikode Commr.,100362,,,,,,,,,,,,,,,,,,,,,,,,,,,,,
,Begusarai,100118,,,,,,,,,,,,,,,,,,,,,,,,,,,,,
,Bijapur,100000,,,,,,,,,,,,,,,,,,,,,,,,,,,,,
,Tikamgarh,99835,,,,,,,,,,,,,,,,,,,,,,,,,,,,,
,Paschim Midnapur,99718,,,,,,,,,,,,,,,,,,,,,,,,,,,,,
,Sitapur,99671,,,,,,,,,,,,,,,,,,,,,,,,,,,,,
,Ramnathapuram,99632,,,,,,,,,,,,,,,,,,,,,,,,,,,,,
,Vizianagaram,99578,,,,,,,,,,,,,,,,,,,,,,,,,,,,,
,Ahmedabad Rural,99471,,,,,,,,,,,,,,,,,,,,,,,,,,,,,
,Pratapgarh,99441,,,,,,,,,,,,,,,,,,,,,,,,,,,,,
,Jamshedpur,99401,,,,,,,,,,,,,,,,,,,,,,,,,,,,,
,Mandsaur,99386,,,,,,,,,,,,,,,,,,,,,,,,,,,,,
,Gorakhpur,99275,,,,,,,,,,,,,,,,,,,,,,,,,,,,,
,Panchmahal,99119,,,,,,,,,,,,,,,,,,,,,,,,,,,,,
,Vijayawada City,99063,,,,,,,,,,,,,,,,,,,,,,,,,,,,,
,North-East,98579,,,,,,,,,,,,,,,,,,,,,,,,,,,,,
,Betul,98473,,,,,,,,,,,,,,,,,,,,,,,,,,,,,
,Madurai Urban,97491,,,,,,,,,,,,,,,,,,,,,,,,,,,,,
,Surendranagar,96966,,,,,,,,,,,,,,,,,,,,,,,,,,,,,
,Aurangabad Commr.,96756,,,,,,,,,,,,,,,,,,,,,,,,,,,,,
,Vadodara Rural,96546,,,,,,,,,,,,,,,,,,,,,,,,,,,,,
,Patiala,96540,,,,,,,,,,,,,,,,,,,,,,,,,,,,,
,Trichy Urban,96466,,,,,,,,,,,,,,,,,,,,,,,,,,,,,
,Davanagere,96394,,,,,,,,,,,,,,,,,,,,,,,,,,,,,
,Visakha Rural,95901,,,,,,,,,,,,,,,,,,,,,,,,,,,,,
,Balasore,95618,,,,,,,,,,,,,,,,,,,,,,,,,,,,,
,Chengai,95102,,,,,,,,,,,,,,,,,,,,,,,,,,,,,
,Karnal,95052,,,,,,,,,,,,,,,,,,,,,,,,,,,,,
,Aurangabad Rural,94975,,,,,,,,,,,,,,,,,,,,,,,,,,,,,
,Sitamarhi,94803,,,,,,,,,,,,,,,,,,,,,,,,,,,,,
,Malda,94555,,,,,,,,,,,,,,,,,,,,,,,,,,,,,
,Dhubri,94408,,,,,,,,,,,,,,,,,,,,,,,,,,,,,
,Damoh,93633,,,,,,,,,,,,,,,,,,,,,,,,,,,,,
,Chickmagalur,93468,,,,,,,,,,,,,,,,,,,,,,,,,,,,,
,Osmanabad,93007,,,,,,,,,,,,,,,,,,,,,,,,,,,,,
,Purab Midnapur,92862,,,,,,,,,,,,,,,,,,,,,,,,,,,,,
,Bharuch,92806,,,,,,,,,,,,,,,,,,,,,,,,,,,,,
,Varanasi,92520,,,,,,,,,,,,,,,,,,,,,,,,,,,,,
,Railways,92329,,,,,,,,,,,,,,,,,,,,,,,,,,,,,
,South-West,92206,,,,,,,,,,,,,,,,,,,,,,,,,,,,,
,Churu,91972,,,,,,,,,,,,,,,,,,,,,,,,,,,,,
,Katni,91893,,,,,,,,,,,,,,,,,,,,,,,,,,,,,
,Barmer,91632,,,,,,,,,,,,,,,,,,,,,,,,,,,,,
,Srinagar,91544,,,,,,,,,,,,,,,,,,,,,,,,,,,,,
,Sivagangai,91484,,,,,,,,,,,,,,,,,,,,,,,,,,,,,
,Sonitpur,91364,,,,,,,,,,,,,,,,,,,,,,,,,,,,,
,Raichur,91318,,,,,,,,,,,,,,,,,,,,,,,,,,,,,
,Sangli,91066,,,,,,,,,,,,,,,,,,,,,,,,,,,,,
,Kolar,90971,,,,,,,,,,,,,,,,,,,,,,,,,,,,,
,Jalna,90351,,,,,,,,,,,,,,,,,,,,,,,,,,,,,
,Rajnandgaon,90066,,,,,,,,,,,,,,,,,,,,,,,,,,,,,
,Amravati Commr.,89686,,,,,,,,,,,,,,,,,,,,,,,,,,,,,
,Puri,89490,,,,,,,,,,,,,,,,,,,,,,,,,,,,,
,Sonipat,89074,,,,,,,,,,,,,,,,,,,,,,,,,,,,,
,Vijayawada,88715,,,,,,,,,,,,,,,,,,,,,,,,,,,,,
,Balaghat,88483,,,,,,,,,,,,,,,,,,,,,,,,,,,,,
,Banswara,88401,,,,,,,,,,,,,,,,,,,,,,,,,,,,,
,Janjgir,88059,,,,,,,,,,,,,,,,,,,,,,,,,,,,,
,Aurangabad,87963,,,,,,,,,,,,,,,,,,,,,,,,,,,,,
,Hazaribagh,87896,,,,,,,,,,,,,,,,,,,,,,,,,,,,,
,Patan,87842,,,,,,,,,,,,,,,,,,,,,,,,,,,,,
,Saharanpur,87567,,,,,,,,,,,,,,,,,,,,,,,,,,,,,
,Parbhani,87237,,,,,,,,,,,,,,,,,,,,,,,,,,,,,
,Gopalganj,87077,,,,,,,,,,,,,,,,,,,,,,,,,,,,,
,Mysore Commr.,86943,,,,,,,,,,,,,,,,,,,,,,,,,,,,,
,Purnea,86825,,,,,,,,,,,,,,,,,,,,,,,,,,,,,
,Ludhiana,86509,,,,,,,,,,,,,,,,,,,,,,,,,,,,,
,Firozabad,86348,,,,,,,,,,,,,,,,,,,,,,,,,,,,,
,Siwan,85759,,,,,,,,,,,,,,,,,,,,,,,,,,,,,
,Khiri,85732,,,,,,,,,,,,,,,,,,,,,,,,,,,,,
,Narsinghpur,85625,,,,,,,,,,,,,,,,,,,,,,,,,,,,,
,Jaipur South,85540,,,,,,,,,,,,,,,,,,,,,,,,,,,,,
,Hamirpur,85320,,,,,,,,,,,,,,,,,,,,,,,,,,,,,
,Salem Urban,85255,,,,,,,,,,,,,,,,,,,,,,,,,,,,,
,Bokaro,84954,,,,,,,,,,,,,,,,,,,,,,,,,,,,,
,Karur,84830,,,,,,,,,,,,,,,,,,,,,,,,,,,,,
,Wayanadu,84700,,,,,,,,,,,,,,,,,,,,,,,,,,,,,
,Uttar Kannada,84431,,,,,,,,,,,,,,,,,,,,,,,,,,,,,
,Bhiwani,83983,,,,,,,,,,,,,,,,,,,,,,,,,,,,,
,Uttar Dinajpur,83881,,,,,,,,,,,,,,,,,,,,,,,,,,,,,
,Katihar,83703,,,,,,,,,,,,,,,,,,,,,,,,,,,,,
,North West,83578,,,,,,,,,,,,,,,,,,,,,,,,,,,,,
,Raigarh,83228,,,,,,,,,,,,,,,,,,,,,,,,,,,,,
,Seoni,82966,,,,,,,,,,,,,,,,,,,,,,,,,,,,,
,Rajsamand,82892,,,,,,,,,,,,,,,,,,,,,,,,,,,,,
,Giridih,82486,,,,,,,,,,,,,,,,,,,,,,,,,,,,,
,Dhule,82351,,,,,,,,,,,,,,,,,,,,,,,,,,,,,
,Panipat,82256,,,,,,,,,,,,,,,,,,,,,,,,,,,,,
,Jalore,82195,,,,,,,,,,,,,,,,,,,,,,,,,,,,,
,Jhabua,82091,,,,,,,,,,,,,,,,,,,,,,,,,,,,,
,Angul,81462,,,,,,,,,,,,,,,,,,,,,,,,,,,,,
,Rohtak,81356,,,,,,,,,,,,,,,,,,,,,,,,,,,,,
,Araria,80884,,,,,,,,,,,,,,,,,,,,,,,,,,,,,
,Etah,80868,,,,,,,,,,,,,,,,,,,,,,,,,,,,,
,Bhandara,80770,,,,,,,,,,,,,,,,,,,,,,,,,,,,,
,Jalandhar,80733,,,,,,,,,,,,,,,,,,,,,,,,,,,,,
,Barpeta,80422,,,,,,,,,,,,,,,,,,,,,,,,,,,,,
,Korba,80276,,,,,,,,,,,,,,,,,,,,,,,,,,,,,
,Shahjahanpur,80147,,,,,,,,,,,,,,,,,,,,,,,,,,,,,
,Udupi,79857,,,,,,,,,,,,,,,,,,,,,,,,,,,,,
,Outer,79732,,,,,,,,,,,,,,,,,,,,,,,,,,,,,
,Amreli,79579,,,,,,,,,,,,,,,,,,,,,,,,,,,,,
,Badaun,79564,,,,,,,,,,,,,,,,,,,,,,,,,,,,,
,Mayurbhanj,78868,,,,,,,,,,,,,,,,,,,,,,,,,,,,,
,Datiya,78858,,,,,,,,,,,,,,,,,,,,,,,,,,,,,
,Hardoi,78727,,,,,,,,,,,,,,,,,,,,,,,,,,,,,
,Valsad,78423,,,,,,,,,,,,,,,,,,,,,,,,,,,,,
,Kangra,78360,,,,,,,,,,,,,,,,,,,,,,,,,,,,,
,Kota,77875,,,,,,,,,,,,,,,,,,,,,,,,,,,,,
,Kamrup,77752,,,,,,,,,,,,,,,,,,,,,,,,,,,,,
,Jodhpur,77654,,,,,,,,,,,,,,,,,,,,,,,,,,,,,
,Haridwar,77546,,,,,,,,,,,,,,,,,,,,,,,,,,,,,
,Surat Rural,77264,,,,,,,,,,,,,,,,,,,,,,,,,,,,,
,Kurukshetra,77027,,,,,,,,,,,,,,,,,,,,,,,,,,,,,
,Coochbehar,76885,,,,,,,,,,,,,,,,,,,,,,,,,,,,,
,Bijnor,76683,,,,,,,,,,,,,,,,,,,,,,,,,,,,,
,Perambalur,76645,,,,,,,,,,,,,,,,,,,,,,,,,,,,,
,Raigad,76539,,,,,,,,,,,,,,,,,,,,,,,,,,,,,
,Sambalpur,76408,,,,,,,,,,,,,,,,,,,,,,,,,,,,,
,Birbhum,76135,,,,,,,,,,,,,,,,,,,,,,,,,,,,,
,Keonjhar,76036,,,,,,,,,,,,,,,,,,,,,,,,,,,,,
,Sarguja,75795,,,,,,,,,,,,,,,,,,,,,,,,,,,,,
,Dibrugarh,75438,,,,,,,,,,,,,,,,,,,,,,,,,,,,,
,Ambala,74950,,,,,,,,,,,,,,,,,,,,,,,,,,,,,
,Balrampur,74893,,,,,,,,,,,,,,,,,,,,,,,,,,,,,
,Pondicherry,74866,,,,,,,,,,,,,,,,,,,,,,,,,,,,,
,Neemuch,74580,,,,,,,,,,,,,,,,,,,,,,,,,,,,,
,Barabanki,74494,,,,,,,,,,,,,,,,,,,,,,,,,,,,,
,Mumbai Rly.,74447,,,,,,,,,,,,,,,,,,,,,,,,,,,,,
,Haveri,74331,,,,,,,,,,,,,,,,,,,,,,,,,,,,,
,Washim,74244,,,,,,,,,,,,,,,,,,,,,,,,,,,,,
,Barwani,74135,,,,,,,,,,,,,,,,,,,,,,,,,,,,,
,Dehradun,73783,,,,,,,,,,,,,,,,,,,,,,,,,,,,,
,Unnao,73651,,,,,,,,,,,,,,,,,,,,,,,,,,,,,
,Bagalkot,73489,,,,,,,,,,,,,,,,,,,,,,,,,,,,,
,Jajpur,73291,,,,,,,,,,,,,,,,,,,,,,,,,,,,,
,Jagdalpur,72952,,,,,,,,,,,,,,,,,,,,,,,,,,,,,
,Ganjam,72816,,,,,,,,,,,,,,,,,,,,,,,,,,,,,
,Darjeeling,72705,,,,,,,,,,,,,,,,,,,,,,,,,,,,,
,Sirohi,72572,,,,,,,,,,,,,,,,,,,,,,,,,,,,,
,South-East,72371,,,,,,,,,,,,,,,,,,,,,,,,,,,,,
,Sibsagar,72311,,,,,,,,,,,,,,,,,,,,,,,,,,,,,
,Shimla,71976,,,,,,,,,,,,,,,,,,,,,,,,,,,,,
,Tinsukia,71870,,,,,,,,,,,,,,,,,,,,,,,,,,,,,
,Dharwad Commr.,71577,,,,,,,,,,,,,,,,,,,,,,,,,,,,,
,Gondia,71496,,,,,,,,,,,,,,,,,,,,,,,,,,,,,
,New Delhi,71491,,,,,,,,,,,,,,,,,,,,,,,,,,,,,
,Rewari,70531,,,,,,,,,,,,,,,,,,,,,,,,,,,,,
,Kota City,70175,,,,,,,,,,,,,,,,,,,,,,,,,,,,,
,Munger,69498,,,,,,,,,,,,,,,,,,,,,,,,,,,,,
,Nawadah,69409,,,,,,,,,,,,,,,,,,,,,,,,,,,,,
,Mandla,69348,,,,,,,,,,,,,,,,,,,,,,,,,,,,,
,Pilibhit,69234,,,,,,,,,,,,,,,,,,,,,,,,,,,,,
,Dungarpur,68995,,,,,,,,,,,,,,,,,,,,,,,,,,,,,
,Sirsa,68863,,,,,,,,,,,,,,,,,,,,,,,,,,,,,
,Raibareilly,68725,,,,,,,,,,,,,,,,,,,,,,,,,,,,,
,Bhadrak,68386,,,,,,,,,,,,,,,,,,,,,,,,,,,,,
,Azamgarh,68381,,,,,,,,,,,,,,,,,,,,,,,,,,,,,
,Rampur,68297,,,,,,,,,,,,,,,,,,,,,,,,,,,,,
,Buxar,68254,,,,,,,,,,,,,,,,,,,,,,,,,,,,,
,Mandi,68178,,,,,,,,,,,,,,,,,,,,,,,,,,,,,
,Mainpuri,68150,,,,,,,,,,,,,,,,,,,,,,,,,,,,,
,Etawah,67895,,,,,,,,,,,,,,,,,,,,,,,,,,,,,
,Udhamsingh Nagar,67350,,,,,,,,,,,,,,,,,,,,,,,,,,,,,
,Lakhimpur,67014,,,,,,,,,,,,,,,,,,,,,,,,,,,,,
,Panna,66889,,,,,,,,,,,,,,,,,,,,,,,,,,,,,
,Bolangir,66752,,,,,,,,,,,,,,,,,,,,,,,,,,,,,
,Yamunanagar,66664,,,,,,,,,,,,,,,,,,,,,,,,,,,,,
,Palamu,66575,,,,,,,,,,,,,,,,,,,,,,,,,,,,,
,Jaunpur,65986,,,,,,,,,,,,,,,,,,,,,,,,,,,,,
,Ashok Nagar,65927,,,,,,,,,,,,,,,,,,,,,,,,,,,,,
,Darrang,65825,,,,,,,,,,,,,,,,,,,,,,,,,,,,,
,Sultanpur,65656,,,,,,,,,,,,,,,,,,,,,,,,,,,,,
,Supaul,65459,,,,,,,,,,,,,,,,,,,,,,,,,,,,,
,Hingoli,65272,,,,,,,,,,,,,,,,,,,,,,,,,,,,,
,Jind,65114,,,,,,,,,,,,,,,,,,,,,,,,,,,,,
,Ernakulam,65035,,,,,,,,,,,,,,,,,,,,,,,,,,,,,
,Dahod,64902,,,,,,,,,,,,,,,,,,,,,,,,,,,,,
,Hathras,64751,,,,,,,,,,,,,,,,,,,,,,,,,,,,,
,Saharsa,64695,,,,,,,,,,,,,,,,,,,,,,,,,,,,,
,Solapur Commr.,64659,,,,,,,,,,,,,,,,,,,,,,,,,,,,,
,Jaipur North,64412,,,,,,,,,,,,,,,,,,,,,,,,,,,,,
,Bankura,63595,,,,,,,,,,,,,,,,,,,,,,,,,,,,,
,Jhajjar,63056,,,,,,,,,,,,,,,,,,,,,,,,,,,,,
,Bhatinda,63020,,,,,,,,,,,,,,,,,,,,,,,,,,,,,
,Asansol,62917,,,,,,,,,,,,,,,,,,,,,,,,,,,,,
,Banka,62756,,,,,,,,,,,,,,,,,,,,,,,,,,,,,
,Khagaria,62721,,,,,,,,,,,,,,,,,,,,,,,,,,,,,
,Bhabhua,62643,,,,,,,,,,,,,,,,,,,,,,,,,,,,,
,Fatehpur,62489,,,,,,,,,,,,,,,,,,,,,,,,,,,,,
,Koppal,62382,,,,,,,,,,,,,,,,,,,,,,,,,,,,,
,Dhenkanal,62382,,,,,,,,,,,,,,,,,,,,,,,,,,,,,
,Faizabad,62192,,,,,,,,,,,,,,,,,,,,,,,,,,,,,
,Kodagu,62168,,,,,,,,,,,,,,,,,,,,,,,,,,,,,
,Godda,62113,,,,,,,,,,,,,,,,,,,,,,,,,,,,,
,Mahasamund,62023,,,,,,,,,,,,,,,,,,,,,,,,,,,,,
,Bahraich,61769,,,,,,,,,,,,,,,,,,,,,,,,,,,,,
,Gonda,61590,,,,,,,,,,,,,,,,,,,,,,,,,,,,,
,Sangrur,61553,,,,,,,,,,,,,,,,,,,,,,,,,,,,,
,Koriya,61541,,,,,,,,,,,,,,,,,,,,,,,,,,,,,
,Golaghat,61463,,,,,,,,,,,,,,,,,,,,,,,,,,,,,
,Jamui,61408,,,,,,,,,,,,,,,,,,,,,,,,,,,,,
,Mahendragarh,61301,,,,,,,,,,,,,,,,,,,,,,,,,,,,,
,Chamarajnagar,61077,,,,,,,,,,,,,,,,,,,,,,,,,,,,,
,Deoghar,61052,,,,,,,,,,,,,,,,,,,,,,,,,,,,,
,Sundargarh,60829,,,,,,,,,,,,,,,,,,,,,,,,,,,,,
,Rourkela,60659,,,,,,,,,,,,,,,,,,,,,,,,,,,,,
,North Goa,60574,,,,,,,,,,,,,,,,,,,,,,,,,,,,,
,Jorhat,59844,,,,,,,,,,,,,,,,,,,,,,,,,,,,,
,Baramulla,59444,,,,,,,,,,,,,,,,,,,,,,,,,,,,,
,Koraput,59425,,,,,,,,,,,,,,,,,,,,,,,,,,,,,
,Kaithal,59395,,,,,,,,,,,,,,,,,,,,,,,,,,,,,
,Baragarh,59280,,,,,,,,,,,,,,,,,,,,,,,,,,,,,
,Madhepura,59009,,,,,,,,,,,,,,,,,,,,,,,,,,,,,
,Jehanabad,58932,,,,,,,,,,,,,,,,,,,,,,,,,,,,,
,Ratnagiri,58910,,,,,,,,,,,,,,,,,,,,,,,,,,,,,
,Dakshin Dinajpur,58847,,,,,,,,,,,,,,,,,,,,,,,,,,,,,
,Goalpara,58753,,,,,,,,,,,,,,,,,,,,,,,,,,,,,
,Hoshiarpur,58599,,,,,,,,,,,,,,,,,,,,,,,,,,,,,
,Jagatsinghpur,58366,,,,,,,,,,,,,,,,,,,,,,,,,,,,,
,Kokrajhar,58066,,,,,,,,,,,,,,,,,,,,,,,,,,,,,
,Purulia,57812,,,,,,,,,,,,,,,,,,,,,,,,,,,,,
,Nilgiris,57728,,,,,,,,,,,,,,,,,,,,,,,,,,,,,
,Bagaha,57514,,,,,,,,,,,,,,,,,,,,,,,,,,,,,
,Jhansi,57436,,,,,,,,,,,,,,,,,,,,,,,,,,,,,
,Thirunelveli Urban,57172,,,,,,,,,,,,,,,,,,,,,,,,,,,,,
,Bhopal Rly.,57086,,,,,,,,,,,,,,,,,,,,,,,,,,,,,
,Dumka,57036,,,,,,,,,,,,,,,,,,,,,,,,,,,,,
,Anantnag,57006,,,,,,,,,,,,,,,,,,,,,,,,,,,,,
,Rajouri,56774,,,,,,,,,,,,,,,,,,,,,,,,,,,,,
,Tiruppur,56562,,,,,,,,,,,,,,,,,,,,,,,,,,,,,
,Fatehabad,56525,,,,,,,,,,,,,,,,,,,,,,,,,,,,,
,Dhamtari,56158,,,,,,,,,,,,,,,,,,,,,,,,,,,,,
,Nandurbar,56156,,,,,,,,,,,,,,,,,,,,,,,,,,,,,
,Panchkula,55926,,,,,,,,,,,,,,,,,,,,,,,,,,,,,
,Jodhpur City,55511,,,,,,,,,,,,,,,,,,,,,,,,,,,,,
,Kendrapara,55399,,,,,,,,,,,,,,,,,,,,,,,,,,,,,
,J.P.Nagar,55387,,,,,,,,,,,,,,,,,,,,,,,,,,,,,
,Umariya,55239,,,,,,,,,,,,,,,,,,,,,,,,,,,,,
,Berhampur,54861,,,,,,,,,,,,,,,,,,,,,,,,,,,,,
,Kalahandi,54111,,,,,,,,,,,,,,,,,,,,,,,,,,,,,
,Karimganj,54004,,,,,,,,,,,,,,,,,,,,,,,,,,,,,
,Baghpat,53882,,,,,,,,,,,,,,,,,,,,,,,,,,,,,
,Gadchiroli,53801,,,,,,,,,,,,,,,,,,,,,,,,,,,,,
,Thrissur Rural,53782,,,,,,,,,,,,,,,,,,,,,,,,,,,,,
,Banda,53663,,,,,,,,,,,,,,,,,,,,,,,,,,,,,
,Ramanagar,53571,,,,,,,,,,,,,,,,,,,,,,,,,,,,,
,Navsari,53337,,,,,,,,,,,,,,,,,,,,,,,,,,,,,
,Sheopur,53203,,,,,,,,,,,,,,,,,,,,,,,,,,,,,
,Garhwa,53197,,,,,,,,,,,,,,,,,,,,,,,,,,,,,
,Jodhpur Rural,52981,,,,,,,,,,,,,,,,,,,,,,,,,,,,,
,Deoria,52925,,,,,,,,,,,,,,,,,,,,,,,,,,,,,
,Nalbari,52839,,,,,,,,,,,,,,,,,,,,,,,,,,,,,
,Solan,52794,,,,,,,,,,,,,,,,,,,,,,,,,,,,,
,Fatehgarh,52751,,,,,,,,,,,,,,,,,,,,,,,,,,,,,
,Kushi Nagar,52606,,,,,,,,,,,,,,,,,,,,,,,,,,,,,
,Dcp Bbsr,52469,,,,,,,,,,,,,,,,,,,,,,,,,,,,,
,Grp,52150,,,,,,,,,,,,,,,,,,,,,,,,,,,,,
,Trivandrum,52105,,,,,,,,,,,,,,,,,,,,,,,,,,,,,
,Kannauj,52098,,,,,,,,,,,,,,,,,,,,,,,,,,,,,
,Jalaun,51986,,,,,,,,,,,,,,,,,,,,,,,,,,,,,
,Jharsuguda,51902,,,,,,,,,,,,,,,,,,,,,,,,,,,,,
,Harda,51899,,,,,,,,,,,,,,,,,,,,,,,,,,,,,
,Amritsar,51720,,,,,,,,,,,,,,,,,,,,,,,,,,,,,
,Nagpur Rly.,51717,,,,,,,,,,,,,,,,,,,,,,,,,,,,,
,South Goa,51684,,,,,,,,,,,,,,,,,,,,,,,,,,,,,
,Budgam,51424,,,,,,,,,,,,,,,,,,,,,,,,,,,,,
,Howrah City,51282,,,,,,,,,,,,,,,,,,,,,,,,,,,,,
,Kishanganj,50980,,,,,,,,,,,,,,,,,,,,,,,,,,,,,
,Kapurthala,50928,,,,,,,,,,,,,,,,,,,,,,,,,,,,,
,Morigaon,50823,,,,,,,,,,,,,,,,,,,,,,,,,,,,,
,South West,50614,,,,,,,,,,,,,,,,,,,,,,,,,,,,,
,Naugachia,50505,,,,,,,,,,,,,,,,,,,,,,,,,,,,,
,Kaushambi,50430,,,,,,,,,,,,,,,,,,,,,,,,,,,,,
,Ballia,50249,,,,,,,,,,,,,,,,,,,,,,,,,,,,,
,Dharwad Rural,50210,,,,,,,,,,,,,,,,,,,,,,,,,,,,,
,Ropar,50132,,,,,,,,,,,,,,,,,,,,,,,,,,,,,
,Basti,49868,,,,,,,,,,,,,,,,,,,,,,,,,,,,,
,Bongaigaon,49855,,,,,,,,,,,,,,,,,,,,,,,,,,,,,
,Kabirdham,49582,,,,,,,,,,,,,,,,,,,,,,,,,,,,,
,Nayagarh,49527,,,,,,,,,,,,,,,,,,,,,,,,,,,,,
,Aizawl,49450,,,,,,,,,,,,,,,,,,,,,,,,,,,,,
,Kathua,49382,,,,,,,,,,,,,,,,,,,,,,,,,,,,,
,Patna Rly.,49325,,,,,,,,,,,,,,,,,,,,,,,,,,,,,
,Mau,49251,,,,,,,,,,,,,,,,,,,,,,,,,,,,,
,Lakhisarai,49180,,,,,,,,,,,,,,,,,,,,,,,,,,,,,
,Hailakandi,48950,,,,,,,,,,,,,,,,,,,,,,,,,,,,,
,Gadag,48918,,,,,,,,,,,,,,,,,,,,,,,,,,,,,
,Udhampur,48904,,,,,,,,,,,,,,,,,,,,,,,,,,,,,
,Moga,48785,,,,,,,,,,,,,,,,,,,,,,,,,,,,,
,Jashpur,48713,,,,,,,,,,,,,,,,,,,,,,,,,,,,,
,Ambedkar Nagar,48612,,,,,,,,,,,,,,,,,,,,,,,,,,,,,
,Auraiya,48289,,,,,,,,,,,,,,,,,,,,,,,,,,,,,
,Porbandar,48052,,,,,,,,,,,,,,,,,,,,,,,,,,,,,
,Ghazipur,47807,,,,,,,,,,,,,,,,,,,,,,,,,,,,,
,Anuppur,47802,,,,,,,,,,,,,,,,,,,,,,,,,,,,,
,Kanker,47665,,,,,,,,,,,,,,,,,,,,,,,,,,,,,
,Dhemaji,47464,,,,,,,,,,,,,,,,,,,,,,,,,,,,,
,Mirzapur,47081,,,,,,,,,,,,,,,,,,,,,,,,,,,,,
,W.Rly,47057,,,,,,,,,,,,,,,,,,,,,,,,,,,,,
,Kandhamal,46951,,,,,,,,,,,,,,,,,,,,,,,,,,,,,
,Jaisalmer,46939,,,,,,,,,,,,,,,,,,,,,,,,,,,,,
,Puducherry,46818,,,,,,,,,,,,,,,,,,,,,,,,,,,,,
,Kanpur Dehat,46087,,,,,,,,,,,,,,,,,,,,,,,,,,,,,
,K.G.F.,45787,,,,,,,,,,,,,,,,,,,,,,,,,,,,,
,Gurdaspur,45512,,,,,,,,,,,,,,,,,,,,,,,,,,,,,
,Chatra,45412,,,,,,,,,,,,,,,,,,,,,,,,,,,,,
,Rayagada,45340,,,,,,,,,,,,,,,,,,,,,,,,,,,,,
,Una,45308,,,,,,,,,,,,,,,,,,,,,,,,,,,,,
,Sahebganj,45195,,,,,,,,,,,,,,,,,,,,,,,,,,,,,
,Saraikela,45141,,,,,,,,,,,,,,,,,,,,,,,,,,,,,
,Dindori,45006,,,,,,,,,,,,,,,,,,,,,,,,,,,,,
,Burhanpur,44972,,,,,,,,,,,,,,,,,,,,,,,,,,,,,
,Chennaisuburban,44832,,,,,,,,,,,,,,,,,,,,,,,,,,,,,
,Sheikhpura,44810,,,,,,,,,,,,,,,,,,,,,,,,,,,,,
,Gumla,44788,,,,,,,,,,,,,,,,,,,,,,,,,,,,,
,Koderma,44716,,,,,,,,,,,,,,,,,,,,,,,,,,,,,
,Chaibasa,44625,,,,,,,,,,,,,,,,,,,,,,,,,,,,,
,Nainital,44496,,,,,,,,,,,,,,,,,,,,,,,,,,,,,
,Kullu,44386,,,,,,,,,,,,,,,,,,,,,,,,,,,,,
,Batala,44342,,,,,,,,,,,,,,,,,,,,,,,,,,,,,
,Khasi Hills East,44289,,,,,,,,,,,,,,,,,,,,,,,,,,,,,
,Maharajganj,44220,,,,,,,,,,,,,,,,,,,,,,,,,,,,,
,Kota Rural,43984,,,,,,,,,,,,,,,,,,,,,,,,,,,,,
,Tarn Taran,43936,,,,,,,,,,,,,,,,,,,,,,,,,,,,,
,Nowrangpur,43896,,,,,,,,,,,,,,,,,,,,,,,,,,,,,
,Khanna,43871,,,,,,,,,,,,,,,,,,,,,,,,,,,,,
,Sindhudurg,43538,,,,,,,,,,,,,,,,,,,,,,,,,,,,,
,Palwal,43338,,,,,,,,,,,,,,,,,,,,,,,,,,,,,
,Mewat,43276,,,,,,,,,,,,,,,,,,,,,,,,,,,,,
,Sirmaur,42907,,,,,,,,,,,,,,,,,,,,,,,,,,,,,
,Fatehgarh Sahib,42710,,,,,,,,,,,,,,,,,,,,,,,,,,,,,
,Chandoli,42536,,,,,,,,,,,,,,,,,,,,,,,,,,,,,
,Ferozpur,42350,,,,,,,,,,,,,,,,,,,,,,,,,,,,,
,Doda,42068,,,,,,,,,,,,,,,,,,,,,,,,,,,,,
,Poonch,42040,,,,,,,,,,,,,,,,,,,,,,,,,,,,,
,Pulwama,41586,,,,,,,,,,,,,,,,,,,,,,,,,,,,,
,Faridkot,41535,,,,,,,,,,,,,,,,,,,,,,,,,,,,,
,Sidharthnagar,41278,,,,,,,,,,,,,,,,,,,,,,,,,,,,,
,Sonbhadra,41139,,,,,,,,,,,,,,,,,,,,,,,,,,,,,
,Narmada,41114,,,,,,,,,,,,,,,,,,,,,,,,,,,,,
,Sas Ngr,41044,,,,,,,,,,,,,,,,,,,,,,,,,,,,,
,Muktsar,40667,,,,,,,,,,,,,,,,,,,,,,,,,,,,,
,Pakur,40589,,,,,,,,,,,,,,,,,,,,,,,,,,,,,
,Nuapada,40545,,,,,,,,,,,,,,,,,,,,,,,,,,,,,
,Karbi Anglong,40385,,,,,,,,,,,,,,,,,,,,,,,,,,,,,
,Dantewara,40259,,,,,,,,,,,,,,,,,,,,,,,,,,,,,
,Kupwara,39988,,,,,,,,,,,,,,,,,,,,,,,,,,,,,
,Ramban,39894,,,,,,,,,,,,,,,,,,,,,,,,,,,,,
,Mansa,39633,,,,,,,,,,,,,,,,,,,,,,,,,,,,,
,Chamba,39610,,,,,,,,,,,,,,,,,,,,,,,,,,,,,
,Kulgam,39568,,,,,,,,,,,,,,,,,,,,,,,,,,,,,
,Arwal,39423,,,,,,,,,,,,,,,,,,,,,,,,,,,,,
,Sant Kabirnagar,39126,,,,,,,,,,,,,,,,,,,,,,,,,,,,,
,Surajpur,38857,,,,,,,,,,,,,,,,,,,,,,,,,,,,,
,Barnala,38810,,,,,,,,,,,,,,,,,,,,,,,,,,,,,
,Howrah G.R.P.,38435,,,,,,,,,,,,,,,,,,,,,,,,,,,,,
,Andaman,38434,,,,,,,,,,,,,,,,,,,,,,,,,,,,,
,Jamtara,38349,,,,,,,,,,,,,,,,,,,,,,,,,,,,,
,Muzaffarpur Rly.,38295,,,,,,,,,,,,,,,,,,,,,,,,,,,,,
,Kozhikode,38282,,,,,,,,,,,,,,,,,,,,,,,,,,,,,
,Lalitpur,37551,,,,,,,,,,,,,,,,,,,,,,,,,,,,,
,Mahoba,37514,,,,,,,,,,,,,,,,,,,,,,,,,,,,,
,Deogarh,36797,,,,,,,,,,,,,,,,,,,,,,,,,,,,,
,Secunderabad Rly.,36404,,,,,,,,,,,,,,,,,,,,,,,,,,,,,
,Chennai Rly.,36271,,,,,,,,,,,,,,,,,,,,,,,,,,,,,
,Latehar,36202,,,,,,,,,,,,,,,,,,,,,,,,,,,,,
,Lohardagga,36158,,,,,,,,,,,,,,,,,,,,,,,,,,,,,
,Srp(Cuttack),36096,,,,,,,,,,,,,,,,,,,,,,,,,,,,,
,Thoubal,36032,,,,,,,,,,,,,,,,,,,,,,,,,,,,,
,Ganderbal,36000,,,,,,,,,,,,,,,,,,,,,,,,,,,,,
,Jabalpur Rly.,35981,,,,,,,,,,,,,,,,,,,,,,,,,,,,,
,Sheohar,35979,,,,,,,,,,,,,,,,,,,,,,,,,,,,,
,Papum Pare,35784,,,,,,,,,,,,,,,,,,,,,,,,,,,,,
,Sonepur,35667,,,,,,,,,,,,,,,,,,,,,,,,,,,,,
,Shrawasti,35489,,,,,,,,,,,,,,,,,,,,,,,,,,,,,
,Chitrakoot Dham,35177,,,,,,,,,,,,,,,,,,,,,,,,,,,,,
,Dimapur,34907,,,,,,,,,,,,,,,,,,,,,,,,,,,,,
,St.Ravidasnagar,34822,,,,,,,,,,,,,,,,,,,,,,,,,,,,,
,North East,34809,,,,,,,,,,,,,,,,,,,,,,,,,,,,,
,Malkangir,34728,,,,,,,,,,,,,,,,,,,,,,,,,,,,,
,Boudh,34692,,,,,,,,,,,,,,,,,,,,,,,,,,,,,
,Vijayawada Rly.,34510,,,,,,,,,,,,,,,,,,,,,,,,,,,,,
,Katihar Rly.,34419,,,,,,,,,,,,,,,,,,,,,,,,,,,,,
,Reasi,34218,,,,,,,,,,,,,,,,,,,,,,,,,,,,,
,Gajapati,34148,,,,,,,,,,,,,,,,,,,,,,,,,,,,,
,Dhalai,33545,,,,,,,,,,,,,,,,,,,,,,,,,,,,,
,Awantipora,33450,,,,,,,,,,,,,,,,,,,,,,,,,,,,,
,Sealdah G.R.P.,33418,,,,,,,,,,,,,,,,,,,,,,,,,,,,,
,Dadra & Nagar Haveli,33380,,,,,,,,,,,,,,,,,,,,,,,,,,,,,
,G.R.P,33034,,,,,,,,,,,,,,,,,,,,,,,,,,,,,
,Pune Rly.,33018,,,,,,,,,,,,,,,,,,,,,,,,,,,,,
,Simdega,32911,,,,,,,,,,,,,,,,,,,,,,,,,,,,,
,Cbpura,32720,,,,,,,,,,,,,,,,,,,,,,,,,,,,,
,Garo Hills West,32683,,,,,,,,,,,,,,,,,,,,,,,,,,,,,
,Dcp Ctc,32436,,,,,,,,,,,,,,,,,,,,,,,,,,,,,
,Grp Raipur,32092,,,,,,,,,,,,,,,,,,,,,,,,,,,,,
,Bizapur,31941,,,,,,,,,,,,,,,,,,,,,,,,,,,,,
,Pauri Garhwal,31903,,,,,,,,,,,,,,,,,,,,,,,,,,,,,
,Handwara,31851,,,,,,,,,,,,,,,,,,,,,,,,,,,,,
,Srp(Rourkela),31845,,,,,,,,,,,,,,,,,,,,,,,,,,,,,
,Dhanbad Rly.,31809,,,,,,,,,,,,,,,,,,,,,,,,,,,,,
,Jaintia Hills,31719,,,,,,,,,,,,,,,,,,,,,,,,,,,,,
,Singrauli,31674,,,,,,,,,,,,,,,,,,,,,,,,,,,,,
,Indore Rly.,31451,,,,,,,,,,,,,,,,,,,,,,,,,,,,,
,Bishnupur,31222,,,,,,,,,,,,,,,,,,,,,,,,,,,,,
,Kollam Commr.,30837,,,,,,,,,,,,,,,,,,,,,,,,,,,,,
,Imphal West,30807,,,,,,,,,,,,,,,,,,,,,,,,,,,,,
,Guntakal Rly.,30542,,,,,,,,,,,,,,,,,,,,,,,,,,,,,
,Ariyalur,30481,,,,,,,,,,,,,,,,,,,,,,,,,,,,,
,Siang West,30396,,,,,,,,,,,,,,,,,,,,,,,,,,,,,
,Lunglei,30386,,,,,,,,,,,,,,,,,,,,,,,,,,,,,
,Jamshedpur Rly.,29923,,,,,,,,,,,,,,,,,,,,,,,,,,,,,
,Siang East,29826,,,,,,,,,,,,,,,,,,,,,,,,,,,,,
,Jamalpur Rly.,29740,,,,,,,,,,,,,,,,,,,,,,,,,,,,,
,Guntur Urban,29689,,,,,,,,,,,,,,,,,,,,,,,,,,,,,
,Pithoragarh,29676,,,,,,,,,,,,,,,,,,,,,,,,,,,,,
,Almora,29646,,,,,,,,,,,,,,,,,,,,,,,,,,,,,
,N.C.Hills,29519,,,,,,,,,,,,,,,,,,,,,,,,,,,,,
,Kohima,29498,,,,,,,,,,,,,,,,,,,,,,,,,,,,,
,Tehri Garhwal,29240,,,,,,,,,,,,,,,,,,,,,,,,,,,,,
,Ri-Bhoi,29113,,,,,,,,,,,,,,,,,,,,,,,,,,,,,
,Kollam Rural,29043,,,,,,,,,,,,,,,,,,,,,,,,,,,,,
,Daman,28873,,,,,,,,,,,,,,,,,,,,,,,,,,,,,
,Kolasib,28746,,,,,,,,,,,,,,,,,,,,,,,,,,,,,
,Champhai,28728,,,,,,,,,,,,,,,,,,,,,,,,,,,,,
,Kinnaur,28574,,,,,,,,,,,,,,,,,,,,,,,,,,,,,
,Ahwa-Dang,28552,,,,,,,,,,,,,,,,,,,,,,,,,,,,,
,Udalguri,28519,,,,,,,,,,,,,,,,,,,,,,,,,,,,,
,Changlang,28478,,,,,,,,,,,,,,,,,,,,,,,,,,,,,
,Leh,28414,,,,,,,,,,,,,,,,,,,,,,,,,,,,,
,Lohit,28386,,,,,,,,,,,,,,,,,,,,,,,,,,,,,
,Trichy Rly.,28330,,,,,,,,,,,,,,,,,,,,,,,,,,,,,
,Uttarkashi,28290,,,,,,,,,,,,,,,,,,,,,,,,,,,,,
,Chamoli,28099,,,,,,,,,,,,,,,,,,,,,,,,,,,,,
,Khasi Hills West,28038,,,,,,,,,,,,,,,,,,,,,,,,,,,,,
,Saiha,28000,,,,,,,,,,,,,,,,,,,,,,,,,,,,,
,Subansiri Upper,27612,,,,,,,,,,,,,,,,,,,,,,,,,,,,,
,Garo Hills East,27612,,,,,,,,,,,,,,,,,,,,,,,,,,,,,
,Siliguri G.R.P.,27592,,,,,,,,,,,,,,,,,,,,,,,,,,,,,
,Senapati,27419,,,,,,,,,,,,,,,,,,,,,,,,,,,,,
,Lawngtlai,27348,,,,,,,,,,,,,,,,,,,,,,,,,,,,,
,Tirap,27332,,,,,,,,,,,,,,,,,,,,,,,,,,,,,
,Churachandpur,27125,,,,,,,,,,,,,,,,,,,,,,,,,,,,,
,Kameng East,27040,,,,,,,,,,,,,,,,,,,,,,,,,,,,,
,Subansiri Lower,26998,,,,,,,,,,,,,,,,,,,,,,,,,,,,,
,Dibang Valley,26966,,,,,,,,,,,,,,,,,,,,,,,,,,,,,
,Grp(Rly),26934,,,,,,,,,,,,,,,,,,,,,,,,,,,,,
,Rudra Prayag,26690,,,,,,,,,,,,,,,,,,,,,,,,,,,,,
,Kameng West,26672,,,,,,,,,,,,,,,,,,,,,,,,,,,,,
,Champawat,26484,,,,,,,,,,,,,,,,,,,,,,,,,,,,,
,Kargil,26456,,,,,,,,,,,,,,,,,,,,,,,,,,,,,
,Igi Airport,26370,,,,,,,,,,,,,,,,,,,,,,,,,,,,,
,Serchhip,26283,,,,,,,,,,,,,,,,,,,,,,,,,,,,,
,Cp Ludhiana,26278,,,,,,,,,,,,,,,,,,,,,,,,,,,,,
,Thrissur Commr.,26253,,,,,,,,,,,,,,,,,,,,,,,,,,,,,
,Bageshwar,26182,,,,,,,,,,,,,,,,,,,,,,,,,,,,,
,R.P.O.,26110,,,,,,,,,,,,,,,,,,,,,,,,,,,,,
,Mamit,25972,,,,,,,,,,,,,,,,,,,,,,,,,,,,,
,Wokha,25882,,,,,,,,,,,,,,,,,,,,,,,,,,,,,
,Chandel,25848,,,,,,,,,,,,,,,,,,,,,,,,,,,,,
,Warangal Urban,25825,,,,,,,,,,,,,,,,,,,,,,,,,,,,,
,Mokokchung,25758,,,,,,,,,,,,,,,,,,,,,,,,,,,,,
,Lahaul-Spiti,25722,,,,,,,,,,,,,,,,,,,,,,,,,,,,,
,Kharagpur G.R.P.,25670,,,,,,,,,,,,,,,,,,,,,,,,,,,,,
,Mon,25620,,,,,,,,,,,,,,,,,,,,,,,,,,,,,
,Garo Hills South,25569,,,,,,,,,,,,,,,,,,,,,,,,,,,,,
,Ukhrul,25567,,,,,,,,,,,,,,,,,,,,,,,,,,,,,
,Lakshadweep,25564,,,,,,,,,,,,,,,,,,,,,,,,,,,,,
,Zunheboto,25540,,,,,,,,,,,,,,,,,,,,,,,,,,,,,
,Siang Upper,25510,,,,,,,,,,,,,,,,,,,,,,,,,,,,,
,Phek,25284,,,,,,,,,,,,,,,,,,,,,,,,,,,,,
,Tawang,25238,,,,,,,,,,,,,,,,,,,,,,,,,,,,,
,Tuensang,25196,,,,,,,,,,,,,,,,,,,,,,,,,,,,,
,Diu,25178,,,,,,,,,,,,,,,,,,,,,,,,,,,,,
,Chirang,25077,,,,,,,,,,,,,,,,,,,,,,,,,,,,,
,Tamenglong,24971,,,,,,,,,,,,,,,,,,,,,,,,,,,,,
,Jagraon,24898,,,,,,,,,,,,,,,,,,,,,,,,,,,,,
,C.I.D.,24846,,,,,,,,,,,,,,,,,,,,,,,,,,,,,
,Crime Jammu,24816,,,,,,,,,,,,,,,,,,,,,,,,,,,,,
,Peren,24724,,,,,,,,,,,,,,,,,,,,,,,,,,,,,
,Ramgarh,24705,,,,,,,,,,,,,,,,,,,,,,,,,,,,,
,Karaikal,24644,,,,,,,,,,,,,,,,,,,,,,,,,,,,,
,Jaipur West,24577,,,,,,,,,,,,,,,,,,,,,,,,,,,,,
,Kiphire,24468,,,,,,,,,,,,,,,,,,,,,,,,,,,,,
,Nawan Shahr,24376,,,,,,,,,,,,,,,,,,,,,,,,,,,,,
,Crime Srinagar,23440,,,,,,,,,,,,,,,,,,,,,,,,,,,,,
,Narayanpur,23295,,,,,,,,,,,,,,,,,,,,,,,,,,,,,
,G.R.P.(Rly),23291,,,,,,,,,,,,,,,,,,,,,,,,,,,,,
,Alirajpur,22947,,,,,,,,,,,,,,,,,,,,,,,,,,,,,
,Tirupathi Urban,22361,,,,,,,,,,,,,,,,,,,,,,,,,,,,,
,Imphal East,22042,,,,,,,,,,,,,,,,,,,,,,,,,,,,,
,K/Kumey,21089,,,,,,,,,,,,,,,,,,,,,,,,,,,,,
,Baska,20592,,,,,,,,,,,,,,,,,,,,,,,,,,,,,
,Nicobar,20529,,,,,,,,,,,,,,,,,,,,,,,,,,,,,
,Upper Dibang Valley,20371,,,,,,,,,,,,,,,,,,,,,,,,,,,,,
,Majitha,20311,,,,,,,,,,,,,,,,,,,,,,,,,,,,,
,Imphal(West),20307,,,,,,,,,,,,,,,,,,,,,,,,,,,,,
,Ferozepur,20063,,,,,,,,,,,,,,,,,,,,,,,,,,,,,
,Kanshiram Nagar,19656,,,,,,,,,,,,,,,,,,,,,,,,,,,,,
,Amritsar Rural,19157,,,,,,,,,,,,,,,,,,,,,,,,,,,,,
,Rajahmundry,18609,,,,,,,,,,,,,,,,,,,,,,,,,,,,,
,Cid,18138,,,,,,,,,,,,,,,,,,,,,,,,,,,,,
,Sbs Nagar,17654,,,,,,,,,,,,,,,,,,,,,,,,,,,,,
,Cp Jalandhar,17587,,,,,,,,,,,,,,,,,,,,,,,,,,,,,
,Ramabai Nagar,17393,,,,,,,,,,,,,,,,,,,,,,,,,,,,,
,Cp Amritsar,17193,,,,,,,,,,,,,,,,,,,,,,,,,,,,,
,Samba,17044,,,,,,,,,,,,,,,,,,,,,,,,,,,,,
,Tapi,16930,,,,,,,,,,,,,,,,,,,,,,,,,,,,,
,Border,16917,,,,,,,,,,,,,,,,,,,,,,,,,,,,,
,Cbcid,16706,,,,,,,,,,,,,,,,,,,,,,,,,,,,,
,Khunti,16303,,,,,,,,,,,,,,,,,,,,,,,,,,,,,
,Yadgiri,15273,,,,,,,,,,,,,,,,,,,,,,,,,,,,,
,Bandipora,15262,,,,,,,,,,,,,,,,,,,,,,,,,,,,,
,Shopian,15206,,,,,,,,,,,,,,,,,,,,,,,,,,,,,
,Bkp Cp,15184,,,,,,,,,,,,,,,,,,,,,,,,,,,,,
,Ludhiana Rural,14903,,,,,,,,,,,,,,,,,,,,,,,,,,,,,
,Mangalore City,14617,,,,,,,,,,,,,,,,,,,,,,,,,,,,,
,Stf,14423,,,,,,,,,,,,,,,,,,,,,,,,,,,,,
,Imphal(East),14367,,,,,,,,,,,,,,,,,,,,,,,,,,,,,
,Csm Nagar,14052,,,,,,,,,,,,,,,,,,,,,,,,,,,,,
,Viluppuram,13923,,,,,,,,,,,,,,,,,,,,,,,,,,,,,
,Kishtwar,13550,,,,,,,,,,,,,,,,,,,,,,,,,,,,,
,I.G.I. Airport,13410,,,,,,,,,,,,,,,,,,,,,,,,,,,,,
,Longleng,12225,,,,,,,,,,,,,,,,,,,,,,,,,,,,,
,Baddipolicedist,11868,,,,,,,,,,,,,,,,,,,,,,,,,,,,,
,Panchshil Nagar,11670,,,,,,,,,,,,,,,,,,,,,,,,,,,,,
,Caw,11642,,,,,,,,,,,,,,,,,,,,,,,,,,,,,
,Eow,11616,,,,,,,,,,,,,,,,,,,,,,,,,,,,,
,Bhim Nagar,11321,,,,,,,,,,,,,,,,,,,,,,,,,,,,,
,Midnapur,11202,,,,,,,,,,,,,,,,,,,,,,,,,,,,,
,Jalandhar Rural,10887,,,,,,,,,,,,,,,,,,,,,,,,,,,,,
,Crime Branch,10836,,,,,,,,,,,,,,,,,,,,,,,,,,,,,
,Sopore,9937,,,,,,,,,,,,,,,,,,,,,,,,,,,,,
,Prabuddh Nagar,9127,,,,,,,,,,,,,,,,,,,,,,,,,,,,,
,Bdn Cp,8851,,,,,,,,,,,,,,,,,,,,,,,,,,,,,
,S.T.F.,8316,,,,,,,,,,,,,,,,,,,,,,,,,,,,,
,Anjaw,8212,,,,,,,,,,,,,,,,,,,,,,,,,,,,,
,Siliguri_Pc,8053,,,,,,,,,,,,,,,,,,,,,,,,,,,,,
,Fazilka,7619,,,,,,,,,,,,,,,,,,,,,,,,,,,,,
,Gariyaband,7059,,,,,,,,,,,,,,,,,,,,,,,,,,,,,
,G.R.P.Ajmer,6929,,,,,,,,,,,,,,,,,,,,,,,,,,,,,
,Baloda Bazar,6754,,,,,,,,,,,,,,,,,,,,,,,,,,,,,
,Ambala Urban,6696,,,,,,,,,,,,,,,,,,,,,,,,,,,,,
,Rural,6629,,,,,,,,,,,,,,,,,,,,,,,,,,,,,
,Jodhpur East,6618,,,,,,,,,,,,,,,,,,,,,,,,,,,,,
,W.Rly Vadodara,6508,,,,,,,,,,,,,,,,,,,,,,,,,,,,,
,Jodhpur West,6468,,,,,,,,,,,,,,,,,,,,,,,,,,,,,
,Border District,6397,,,,,,,,,,,,,,,,,,,,,,,,,,,,,
,Cid Crime,6141,,,,,,,,,,,,,,,,,,,,,,,,,,,,,
,Pathankot,6049,,,,,,,,,,,,,,,,,,,,,,,,,,,,,
,W.Rly Ahmedabad,5361,,,,,,,,,,,,,,,,,,,,,,,,,,,,,
,Bemetara,4658,,,,,,,,,,,,,,,,,,,,,,,,,,,,,
,G.R.P.Jodhpur,4595,,,,,,,,,,,,,,,,,,,,,,,,,,,,,
,Gomati,4306,,,,,,,,,,,,,,,,,,,,,,,,,,,,,
,Spl Cell,4272,,,,,,,,,,,,,,,,,,,,,,,,,,,,,
,Balod,4246,,,,,,,,,,,,,,,,,,,,,,,,,,,,,
,Ambala Rural,4174,,,,,,,,,,,,,,,,,,,,,,,,,,,,,
,Railways Kashmir,4109,,,,,,,,,,,,,,,,,,,,,,,,,,,,,
,Railways Jammu,4081,,,,,,,,,,,,,,,,,,,,,,,,,,,,,
,Mungeli,4036,,,,,,,,,,,,,,,,,,,,,,,,,,,,,
,Sipahijala,3986,,,,,,,,,,,,,,,,,,,,,,,,,,,,,
,Jhargram,3433,,,,,,,,,,,,,,,,,,,,,,,,,,,,,
,Kawardha,3370,,,,,,,,,,,,,,,,,,,,,,,,,,,,,
,Baksa,3340,,,,,,,,,,,,,,,,,,,,,,,,,,,,,
,G.R.P. Ajmer,3244,,,,,,,,,,,,,,,,,,,,,,,,,,,,,
,Kondagaon,3086,,,,,,,,,,,,,,,,,,,,,,,,,,,,,
,Unakoti,3078,,,,,,,,,,,,,,,,,,,,,,,,,,,,,
,Khowai,2858,,,,,,,,,,,,,,,,,,,,,,,,,,,,,
,Sukma,2422,,,,,,,,,,,,,,,,,,,,,,,,,,,,,
,Hamren,2312,,,,,,,,,,,,,,,,,,,,,,,,,,,,,
,G.R.P. Jodhpur,2308,,,,,,,,,,,,,,,,,,,,,,,,,,,,,
,Crime Kashmir,2074,,,,,,,,,,,,,,,,,,,,,,,,,,,,,
,Car,2060,,,,,,,,,,,,,,,,,,,,,,,,,,,,,
,Bieo,2044,,,,,,,,,,,,,,,,,,,,,,,,,,,,,
,Railways Kmr,2029,,,,,,,,,,,,,,,,,,,,,,,,,,,,,
,Railways Katra,2016,,,,,,,,,,,,,,,,,,,,,,,,,,,,,
,Grand Total,65099519,,,,,,,,,,,,,,,,,,,,,,,,,,,,,